City_ID,City,Country,Lat,Lng,Max Temp,Humidity,Cloudiness,Wind Speed,Current Weather
0,Amahai,ID,-3.3333,128.9167,81.63,74,62,2.84,broken clouds
1,Rikitea,PF,-23.1203,-134.9692,74.52,77,43,12.3,light rain
2,Leningradskiy,RU,69.3833,178.4167,34.32,94,26,9.71,scattered clouds
3,Ushuaia,AR,-54.8,-68.3,29.86,93,75,5.75,broken clouds
4,Cidreira,BR,-30.1811,-50.2056,65.35,89,51,9.51,broken clouds
5,Busselton,AU,-33.65,115.3333,56.08,81,98,2.51,overcast clouds
6,Weligama,LK,5.9667,80.4167,78.46,88,100,11.1,overcast clouds
7,Ondjiva,AO,-17.0667,15.7333,49.82,30,0,8.61,clear sky
8,Butaritari,KI,3.0707,172.7902,82.87,68,100,4.68,overcast clouds
9,Ailigandi,PA,9.2333,-78.0167,80.73,88,100,6.69,overcast clouds
10,Codrington,AU,-38.2667,141.9667,52.95,70,100,20.36,overcast clouds
11,Calabozo,VE,8.9242,-67.4293,77.04,85,55,2.66,broken clouds
12,Kuusankoski,FI,60.907,26.6244,54.12,81,44,2.04,scattered clouds
13,The Valley,AI,18.217,-63.0578,81.1,76,100,21.92,overcast clouds
14,Isangel,VU,-19.55,169.2667,82.51,61,20,5.79,few clouds
15,Punta Arenas,CL,-53.15,-70.9167,33.91,100,90,3.6,overcast clouds
16,Bredasdorp,ZA,-34.5322,20.0403,52.29,93,0,4.36,clear sky
17,Abha,SA,18.2164,42.5053,66.02,48,0,1.95,clear sky
18,Brainerd,US,46.358,-94.2008,96.82,19,1,12.66,clear sky
19,Albany,US,42.6001,-73.9662,69.17,85,7,3.91,clear sky
20,Dikson,RU,73.5069,80.5464,29.61,94,100,15.26,light snow
21,Atuona,PF,-9.8,-139.0333,79.02,81,39,18.72,light rain
22,Vaini,TO,-21.2,-175.2,75.36,73,40,2.3,scattered clouds
23,Avarua,CK,-21.2078,-159.775,78.85,69,75,11.5,moderate rain
24,Atar,MR,20.5169,-13.0499,89.19,24,62,14.58,broken clouds
25,Tuktoyaktuk,CA,69.4541,-133.0374,37.4,87,90,13.8,overcast clouds
26,Provideniya,RU,64.3833,-173.3,39.72,62,71,8.01,broken clouds
27,Pevek,RU,69.7008,170.3133,38.41,97,100,10.94,moderate rain
28,Fortuna,US,40.5982,-124.1573,63.93,69,20,1.99,few clouds
29,Varadia,RO,45.0783,21.5469,50.92,76,0,2.55,clear sky
30,Gasa,PS,31.5,34.4667,67.98,66,0,4.7,clear sky
31,Lorengau,PG,-2.0226,147.2712,85.37,70,32,7.65,scattered clouds
32,Willowmore,ZA,-33.2926,23.4895,44.29,41,0,4.03,clear sky
33,Kedrovyy,RU,56.1667,91.8167,45.01,97,100,11.21,moderate rain
34,Qaanaaq,GL,77.484,-69.3632,31.57,81,100,4.52,overcast clouds
35,Thinadhoo,MV,0.5333,72.9333,82.4,76,100,18.07,overcast clouds
36,Saldanha,ZA,-33.0117,17.9442,44.65,53,15,6.04,few clouds
37,Lithakia,GR,37.7167,20.8333,69.06,73,0,6.08,clear sky
38,Wonthaggi,AU,-38.6044,145.5913,51.71,61,100,18.68,overcast clouds
39,Puerto Ayora,EC,-0.7393,-90.3518,73.54,87,100,4.0,overcast clouds
40,Mataura,NZ,-46.1927,168.8643,54.01,70,100,5.48,overcast clouds
41,New Norfolk,AU,-42.7826,147.0587,52.88,60,100,5.99,overcast clouds
42,Almaznyy,RU,48.0448,40.045,53.74,90,100,4.74,overcast clouds
43,Walvis Bay,NA,-22.9575,14.5053,72.55,21,0,13.04,clear sky
44,Jamalpur,BD,24.9167,89.9333,83.23,84,55,8.23,broken clouds
45,Iqaluit,CA,63.7506,-68.5145,35.33,74,90,18.01,overcast clouds
46,Makakilo City,US,21.3469,-158.0858,82.62,61,50,17.31,scattered clouds
47,Berlevag,NO,70.8578,29.0864,45.34,89,100,15.77,light rain
48,Broome,US,42.2506,-75.833,68.77,68,2,1.45,clear sky
49,Cape Town,ZA,-33.9258,18.4232,55.09,82,0,4.14,clear sky
50,Belmonte,BR,-15.8631,-38.8828,77.5,86,100,9.75,light rain
51,Cayenne,GF,4.9333,-52.3333,81.09,84,0,1.99,clear sky
52,Omboue,GA,-1.5746,9.2618,76.24,93,80,4.0,broken clouds
53,Waren,DE,53.5167,12.6833,55.09,90,8,6.35,clear sky
54,Diego De Almagro,CL,-26.3667,-70.05,55.89,74,8,3.33,clear sky
55,Jamestown,US,42.097,-79.2353,66.52,92,27,7.14,scattered clouds
56,Slave Lake,CA,55.2834,-114.769,60.78,59,90,3.44,overcast clouds
57,Kodiak,US,57.79,-152.4072,53.91,60,42,2.26,scattered clouds
58,Orlik,RU,52.5178,99.825,63.21,60,39,5.19,scattered clouds
59,Tual,ID,-5.6667,132.75,81.86,73,87,18.07,overcast clouds
60,Saint George,US,37.1041,-113.5841,106.27,11,73,3.0,broken clouds
61,Maralal,KE,1.0968,36.698,55.51,88,60,4.81,broken clouds
62,Serenje,ZM,-13.2325,30.2352,52.21,95,16,9.91,few clouds
63,Shahr-E Babak,IR,30.1165,55.1186,75.63,10,0,3.47,clear sky
64,Port Elizabeth,ZA,-33.918,25.5701,48.49,87,0,6.91,clear sky
65,Aswan,EG,24.0934,32.907,80.04,22,0,15.93,clear sky
66,Kruisfontein,ZA,-34.0033,24.7314,47.5,75,0,4.94,clear sky
67,Westport,US,41.1415,-73.3579,70.75,93,76,1.01,broken clouds
68,Sao Filipe,CV,14.8961,-24.4956,75.65,70,6,12.71,clear sky
69,Danjiangkou,CN,32.5428,111.5086,79.75,42,0,6.91,clear sky
70,Pundaguitan,PH,6.3711,126.1689,83.25,74,100,4.83,overcast clouds
71,Saskylakh,RU,71.9167,114.0833,36.75,76,84,11.03,broken clouds
72,Kapaa,US,22.0752,-159.319,81.48,75,60,1.01,light rain
73,Nisia Floresta,BR,-6.0911,-35.2086,77.38,87,1,6.93,clear sky
74,Ahuimanu,US,21.4447,-157.8378,83.79,66,20,11.5,few clouds
75,Mahebourg,MU,-20.4081,57.7,73.26,100,75,13.8,moderate rain
76,Ilulissat,GL,69.2167,-51.1,43.81,59,1,12.88,clear sky
77,Hermanus,ZA,-34.4187,19.2345,52.9,79,0,10.71,clear sky
78,Harper,LR,4.375,-7.7169,78.91,86,100,7.29,light rain
79,Pisco,PE,-13.7,-76.2167,62.65,82,0,16.11,clear sky
80,Lavrentiya,RU,65.5833,-171.0,33.35,91,100,6.71,light snow
81,Mandalgovi,MN,45.7625,106.2708,68.49,21,5,5.03,clear sky
82,Saint-Philippe,RE,-21.3585,55.7679,71.19,85,44,8.7,light rain
83,Longyearbyen,SJ,78.2186,15.6401,31.84,74,40,17.27,scattered clouds
84,Severo-Kurilsk,RU,50.6789,156.125,45.93,84,100,18.41,overcast clouds
85,Nicoya,CR,10.1483,-85.452,85.55,77,26,3.71,scattered clouds
86,Madison,US,34.7334,-86.5667,78.22,73,1,3.0,clear sky
87,Tiksi,RU,71.6872,128.8694,36.1,90,100,5.55,overcast clouds
88,Khatanga,RU,71.9667,102.5,34.75,86,99,11.86,overcast clouds
89,Christchurch,NZ,-43.5333,172.6333,61.0,61,47,4.0,scattered clouds
90,Ocampo,MX,21.65,-101.5,67.6,43,88,2.89,overcast clouds
91,Turbat,PK,26.0023,63.044,81.61,78,4,3.09,clear sky
92,Tuatapere,NZ,-46.1333,167.6833,59.72,66,91,10.85,overcast clouds
93,Goderich,CA,43.7501,-81.7165,73.72,53,11,6.91,few clouds
94,Mitu,CO,1.1983,-70.1733,72.27,98,93,1.5,overcast clouds
95,Yulara,AU,-25.2406,130.9889,55.24,58,0,10.36,clear sky
96,Cabo San Lucas,MX,22.8909,-109.9124,92.8,50,5,10.94,clear sky
97,Kibala,TD,9.1104,18.3463,75.81,76,75,5.99,broken clouds
98,Ribeira Grande,PT,38.5167,-28.7,63.57,86,100,7.25,overcast clouds
99,Saint Anthony,US,45.0205,-93.218,93.52,22,1,11.79,clear sky
100,Cherskiy,RU,68.75,161.3,69.93,24,100,19.86,overcast clouds
101,Antalaha,MG,-14.9003,50.2788,69.51,91,11,4.97,few clouds
102,Valdivia,CL,-39.8142,-73.2459,46.49,93,21,1.99,few clouds
103,Yellowknife,CA,62.456,-114.3525,62.33,67,75,1.01,broken clouds
104,Hasaki,JP,35.7333,140.8333,72.28,78,96,10.51,overcast clouds
105,Sinnamary,GF,5.3833,-52.95,77.4,90,100,9.73,overcast clouds
106,Bohdan,UA,48.0412,24.3522,48.97,91,71,1.36,broken clouds
107,Ascope,PE,-7.7144,-79.1078,63.73,69,100,4.99,overcast clouds
108,Thaton,MM,16.9206,97.3714,82.85,79,100,3.38,light rain
109,Saint-Augustin,CA,51.226,-58.6502,55.87,85,92,8.03,overcast clouds
110,Viedma,AR,-40.8135,-62.9967,50.11,58,68,7.49,broken clouds
111,Waddan,LY,29.1614,16.139,72.54,34,10,7.7,clear sky
112,Thompson,CA,55.7435,-97.8558,57.36,82,75,10.36,broken clouds
113,Leon Valley,US,29.4952,-98.6186,80.98,69,49,1.01,scattered clouds
114,Flin Flon,CA,54.7682,-101.865,76.55,28,79,8.1,broken clouds
115,Pasaje,EC,-3.3333,-79.8167,74.53,93,98,2.37,overcast clouds
116,Port Alfred,ZA,-33.5906,26.891,53.94,71,0,7.81,clear sky
117,Mount Darwin,ZW,-16.7725,31.5838,56.37,58,100,8.32,overcast clouds
118,Hilo,US,19.7297,-155.09,85.28,76,90,3.0,overcast clouds
119,Bluff,NZ,-46.6,168.3333,55.2,68,100,16.8,overcast clouds
120,Cabedelo,BR,-6.9811,-34.8339,75.87,80,27,10.22,scattered clouds
121,Chokurdakh,RU,70.6333,147.9167,66.31,53,100,8.52,overcast clouds
122,Luderitz,NA,-26.6481,15.1594,69.08,28,0,22.1,clear sky
123,Sao Gabriel Da Cachoeira,BR,-0.1303,-67.0892,74.52,88,17,1.01,few clouds
124,Barrow,US,71.2906,-156.7887,33.82,86,90,11.5,mist
125,Srednekolymsk,RU,67.45,153.6833,75.33,21,100,23.33,overcast clouds
126,Bambous Virieux,MU,-20.3428,57.7575,73.22,100,75,18.7,moderate rain
127,Torbay,CA,47.6666,-52.7314,55.67,97,90,21.85,overcast clouds
128,Parlier,US,36.6116,-119.5271,103.23,21,0,11.86,clear sky
129,Seymchan,RU,62.8833,152.4333,60.67,37,6,10.16,clear sky
130,Georgetown,MY,5.4112,100.3354,83.89,83,20,1.01,few clouds
131,Ponta Do Sol,PT,32.6667,-17.1,66.0,70,22,6.93,few clouds
132,Arraial Do Cabo,BR,-22.9661,-42.0278,73.53,87,1,15.32,clear sky
133,Kindu,CD,-2.95,25.95,69.64,83,27,0.04,scattered clouds
134,Asau,RO,46.4333,26.4,56.75,77,61,5.26,broken clouds
135,Port Moresby,PG,-9.4431,147.1797,80.02,83,40,11.5,haze
136,Coruripe,BR,-10.1256,-36.1756,75.33,84,0,8.5,clear sky
137,Vanimo,PG,-2.6741,141.3028,76.91,93,100,5.48,overcast clouds
138,Mar Del Plata,AR,-38.0023,-57.5575,56.08,87,100,1.01,overcast clouds
139,Huescar,ES,37.811,-2.5412,63.95,80,100,4.68,overcast clouds
140,Carnarvon,AU,-24.8667,113.6333,55.47,82,0,8.05,clear sky
141,Sitka,US,57.0531,-135.33,49.89,83,100,4.0,overcast clouds
142,Port Arthur,CN,38.8,121.2667,79.02,64,0,13.62,clear sky
143,Bilma,NE,18.6853,12.9164,91.89,14,0,4.97,clear sky
144,Pacific Grove,US,36.6177,-121.9166,81.07,82,27,5.99,scattered clouds
145,Carbonia,IT,39.1672,8.5222,70.99,78,100,0.56,overcast clouds
146,Bud,US,39.447,-86.1758,79.14,54,92,5.55,overcast clouds
147,Martapura,ID,-3.4167,114.85,84.29,79,18,2.82,few clouds
148,Alta Floresta,BR,-9.8756,-56.0861,73.06,58,100,1.39,overcast clouds
149,Rabinal,GT,15.1,-90.45,70.36,89,63,3.89,broken clouds
150,Razole,IN,16.4833,81.8333,82.69,74,33,4.05,scattered clouds
151,Shu,KZ,43.5983,73.7614,72.23,37,80,6.4,broken clouds
152,Jurm,AF,36.8648,70.8342,70.27,44,18,2.21,few clouds
153,Nuuk,GL,64.1835,-51.7216,38.88,93,100,8.01,light rain
154,Inhambane,MZ,-23.865,35.3833,64.02,79,84,13.49,light rain
155,Sao Joao Da Barra,BR,-21.6403,-41.0511,72.7,86,0,6.87,clear sky
156,Dunedin,NZ,-45.8742,170.5036,53.8,57,100,10.0,overcast clouds
157,Yar-Sale,RU,66.8333,70.8333,51.35,61,100,20.85,overcast clouds
158,Diffa,NE,13.3154,12.6113,81.46,48,93,7.45,overcast clouds
159,Clyde River,CA,70.4692,-68.5914,30.43,93,90,6.91,overcast clouds
160,Esperance,AU,-33.8667,121.9,53.44,65,5,14.29,clear sky
161,Catuday,PH,16.2923,119.8062,84.34,74,58,11.59,broken clouds
162,San Patricio,US,28.017,-97.5169,82.49,82,12,7.85,few clouds
163,Te Anau,NZ,-45.4167,167.7167,54.97,80,90,9.82,overcast clouds
164,Poltavka,RU,54.3663,71.7632,44.83,56,0,9.15,clear sky
165,Yuncheng,CN,35.0231,110.9928,82.44,18,0,5.39,clear sky
166,Ustrzyki Dolne,PL,49.4304,22.5938,57.13,100,100,4.05,overcast clouds
167,Canora,CA,51.6333,-102.4343,84.22,44,0,6.22,clear sky
168,Daru,PG,-9.0763,143.2092,80.46,73,100,11.92,overcast clouds
169,Fort Morgan,US,40.2503,-103.8,83.8,26,1,8.05,clear sky
170,Creel,MX,27.75,-107.6333,67.78,29,100,7.45,overcast clouds
171,Deputatskiy,RU,69.3,139.9,74.98,27,100,23.42,overcast clouds
172,Salalah,OM,17.0151,54.0924,78.26,80,100,1.54,overcast clouds
173,Alvdal,NO,62.1077,10.6307,48.04,75,80,2.04,broken clouds
174,Nanortalik,GL,60.1432,-45.2371,37.85,84,100,8.9,overcast clouds
175,Constantine,DZ,36.365,6.6147,67.41,82,75,3.44,broken clouds
176,Yilan,TW,24.757,121.753,84.06,92,100,4.94,overcast clouds
177,Wajir,KE,1.7471,40.0573,75.9,67,100,12.68,overcast clouds
178,Lebu,CL,-37.6167,-73.65,50.31,84,3,4.52,clear sky
179,La Paz,BO,-16.5,-68.15,48.18,70,75,5.75,light rain
180,Vardo,NO,70.3705,31.1107,44.22,94,97,7.36,overcast clouds
181,West Bay,KY,19.3667,-81.4167,84.27,79,20,3.0,few clouds
182,Kralendijk,BQ,12.15,-68.2667,80.38,87,100,24.65,overcast clouds
183,Upernavik,GL,72.7868,-56.1549,31.75,76,0,11.25,clear sky
184,Kahramanmaras,TR,38.0,37.0,49.69,69,0,5.53,clear sky
185,Denpasar,ID,-8.65,115.2167,82.06,89,20,6.35,few clouds
186,Ancud,CL,-41.8697,-73.8203,47.23,81,11,9.73,light rain
187,Lompoc,US,34.6391,-120.4579,79.12,88,90,9.42,overcast clouds
188,Lanzhou,CN,36.0564,103.7922,65.48,21,5,5.06,clear sky
189,Kalach-Na-Donu,RU,48.691,43.5264,56.52,85,100,6.44,overcast clouds
190,Tilichiki,RU,60.4667,166.1,47.5,73,100,4.59,overcast clouds
191,Victoria,HK,22.2855,114.1577,82.26,82,100,5.99,overcast clouds
192,College,US,64.8569,-147.8028,70.59,45,75,1.01,broken clouds
193,Kirakira,SB,-10.4544,161.9205,84.85,67,100,6.26,overcast clouds
194,Bengkulu,ID,-3.8004,102.2655,75.11,97,100,10.22,light rain
195,Liuzhou,CN,24.3126,109.3892,74.08,71,6,4.65,clear sky
196,San Jeronimo,PE,-11.9472,-75.2829,50.58,81,94,1.59,overcast clouds
197,Lianzhou,CN,24.7811,112.3825,74.05,65,36,2.8,scattered clouds
198,Ushtobe,KZ,45.2514,77.9838,64.38,64,100,16.42,overcast clouds
199,Roman,RO,46.9167,26.9167,62.62,74,88,3.0,overcast clouds
200,Tieli,CN,46.95,128.05,56.91,78,97,5.37,overcast clouds
201,Mamontovo,RU,52.7055,81.6244,41.61,94,100,19.75,light rain
202,East London,ZA,-33.0153,27.9116,54.14,56,4,7.11,clear sky
203,Kodinsk,RU,58.6881,99.1844,50.4,74,100,8.08,overcast clouds
204,Vilhena,BR,-12.7406,-60.1458,70.0,59,100,3.06,overcast clouds
205,Cascais,PT,38.6979,-9.4215,60.62,74,10,11.01,clear sky
206,Balikpapan,ID,-1.2675,116.8289,85.19,84,20,9.22,few clouds
207,Sarkand,KZ,45.41,79.9186,64.42,62,38,5.41,scattered clouds
208,Quartucciu,IT,39.2519,9.1794,72.0,64,0,6.69,light rain
209,Kaitangata,NZ,-46.2817,169.8464,56.93,62,100,8.3,light rain
210,Faanui,PF,-16.4833,-151.75,79.86,80,39,10.94,moderate rain
211,Abu Dhabi,AE,24.4667,54.3667,87.82,84,20,2.8,few clouds
212,Bethel,US,41.3712,-73.414,69.91,88,34,1.77,scattered clouds
213,Hobart,AU,-42.8794,147.3294,53.22,62,75,5.01,broken clouds
214,Cap Malheureux,MU,-19.9842,57.6142,73.47,89,9,4.0,light rain
215,Bilibino,RU,68.0546,166.4372,65.01,39,100,14.07,overcast clouds
216,Baykit,RU,61.67,96.37,45.68,53,10,6.11,clear sky
217,Harnosand,SE,62.6323,17.9379,52.0,76,100,5.03,overcast clouds
218,Port Lincoln,AU,-34.7333,135.8667,62.02,74,100,16.02,overcast clouds
219,Zyryanka,RU,65.75,150.85,73.35,25,66,25.64,broken clouds
220,La Union,PE,-5.4,-80.75,71.42,64,31,16.4,scattered clouds
221,La Rioja,ES,42.25,-2.5,48.49,89,92,1.81,overcast clouds
222,Saint-Paul,RE,-21.0096,55.2707,71.71,92,0,1.99,clear sky
223,Bundaberg,AU,-24.85,152.35,64.69,52,0,10.36,clear sky
224,San Policarpo,PH,12.1791,125.5072,80.24,82,98,3.62,overcast clouds
225,Pekan,MY,3.4836,103.3996,78.91,88,100,5.39,overcast clouds
226,Amasya,TR,40.6667,35.8333,55.08,87,84,3.56,broken clouds
227,Batagay-Alyta,RU,67.8006,130.4114,73.26,32,100,25.46,overcast clouds
228,San Cristobal,VE,7.7669,-72.225,73.58,96,100,3.02,overcast clouds
229,Lagoa,PT,39.05,-27.9833,62.44,89,94,10.78,overcast clouds
230,Honningsvag,NO,70.9821,25.9704,43.43,93,100,13.65,overcast clouds
231,Koumac,NC,-20.5667,164.2833,78.35,61,82,6.15,broken clouds
232,Vostok,RU,46.4856,135.8833,55.26,81,98,7.78,overcast clouds
233,Maltahohe,NA,-24.8333,16.9833,46.35,45,0,11.56,clear sky
234,Hithadhoo,MV,-0.6,73.0833,82.15,78,100,20.71,moderate rain
235,Cabra,ES,37.4725,-4.4421,69.91,72,4,4.65,clear sky
236,Bonthe,SL,7.5264,-12.505,80.22,82,100,6.35,overcast clouds
237,Aklavik,CA,68.2191,-135.0107,43.63,91,100,15.73,overcast clouds
238,Norman Wells,CA,65.282,-126.8329,62.64,45,75,12.66,broken clouds
239,Hoshiarpur,IN,31.5322,75.9172,83.71,39,57,5.06,broken clouds
240,Megion,RU,61.0296,76.1136,48.22,61,100,9.66,overcast clouds
241,Harrison,US,30.4091,-89.0436,78.06,87,89,3.8,overcast clouds
242,Karratha,AU,-20.7377,116.8463,72.27,49,10,17.74,clear sky
243,Effingham,US,32.3669,-81.3332,79.84,88,100,6.67,overcast clouds
244,Les Cayes,HT,18.2,-73.75,78.78,81,98,5.95,overcast clouds
245,Vitry-Le-Francois,FR,48.7333,4.5833,62.08,91,100,6.96,overcast clouds
246,Najran,SA,17.4924,44.1277,74.05,16,0,4.43,clear sky
247,Mitchell,US,43.7094,-98.0298,82.81,51,6,16.06,clear sky
248,Dinajpur,BD,25.6272,88.6386,88.72,57,6,5.53,clear sky
249,Shawnee,US,39.05,-95.7669,74.34,82,35,9.62,scattered clouds
250,Seversk,RU,56.6006,84.8864,49.15,68,68,12.82,broken clouds
251,Newport,GB,51.5877,-2.9984,53.69,83,0,5.44,clear sky
252,Saint-Francois,FR,46.4154,3.9054,60.19,96,100,2.3,overcast clouds
253,Tasiilaq,GL,65.6145,-37.6368,39.0,95,100,2.8,light rain
254,Necochea,AR,-38.5473,-58.7368,54.88,82,100,3.2,overcast clouds
255,Isla Vista,US,34.4133,-119.861,82.76,62,1,6.13,clear sky
256,Loa Janan,ID,-0.583,117.095,83.59,76,35,2.19,scattered clouds
257,Bathsheba,BB,13.2167,-59.5167,81.21,65,40,20.71,scattered clouds
258,Klaksvik,FO,62.2266,-6.589,50.92,96,89,17.72,overcast clouds
259,Chapais,CA,49.7834,-74.8492,64.18,46,100,2.08,overcast clouds
260,Vestmanna,FO,62.1564,-7.1664,49.12,100,90,14.56,overcast clouds
261,Mbanza-Ngungu,CD,-5.25,14.8667,66.74,94,7,3.89,clear sky
262,Leua,SK,48.2156,18.6071,58.1,87,13,2.82,few clouds
263,Ozernovskiy,RU,51.5,156.5167,47.21,79,100,21.61,overcast clouds
264,Conde,BR,-7.2597,-34.9075,74.66,88,20,7.25,few clouds
265,Dingle,PH,10.9995,122.6711,83.34,82,93,6.46,overcast clouds
266,Avera,US,33.194,-82.5271,85.87,88,100,7.38,overcast clouds
267,Padang,ID,-0.9492,100.3543,75.25,85,100,2.75,overcast clouds
268,Nikolskoye,RU,59.7035,30.7861,50.4,77,0,1.34,clear sky
269,Rawson,AR,-43.3002,-65.1023,49.28,52,0,15.21,clear sky
270,Trairi,BR,-3.2778,-39.2689,77.27,83,0,7.87,clear sky
271,Iquique,CL,-20.2208,-70.1431,64.44,82,70,1.77,broken clouds
272,Zhigansk,RU,66.7697,123.3711,42.13,87,100,14.85,light rain
273,Ranfurly,NZ,-45.1333,170.1,47.64,61,100,10.33,overcast clouds
274,Darasun,RU,51.6667,114.0,59.54,35,2,1.97,clear sky
275,Zaraza,VE,9.3503,-65.3245,75.27,92,100,6.06,overcast clouds
276,Hobyo,SO,5.3505,48.5268,77.95,83,0,17.81,clear sky
277,Dakar,SN,14.6937,-17.4441,76.08,83,10,6.91,clear sky
278,Waipawa,NZ,-41.4122,175.5153,56.44,55,64,9.48,broken clouds
279,Port Blair,IN,11.6667,92.75,80.64,89,75,0.0,broken clouds
280,Talcahuano,CL,-36.7167,-73.1167,51.48,87,0,5.75,clear sky
281,Mwinilunga,ZM,-11.7358,24.4293,54.23,57,6,6.87,clear sky
282,Saiha,IN,22.4833,92.9667,74.48,92,53,0.49,broken clouds
283,Canaries,ES,28.0,-15.5,60.39,63,75,11.61,broken clouds
284,Langsa,ID,4.4683,97.9683,74.3,97,100,2.46,overcast clouds
285,Beringovskiy,RU,63.05,179.3167,38.97,84,24,2.82,few clouds
286,Caldwell,US,43.6629,-116.6874,96.21,24,1,5.75,clear sky
287,Sumkino,RU,58.1108,68.3244,49.57,57,2,7.56,clear sky
288,Santa Cruz Cabralia,BR,-16.2781,-39.0247,77.23,78,40,9.24,scattered clouds
289,Zerbst,DE,51.9667,12.0833,65.39,83,97,5.66,overcast clouds
290,Flinders,AU,-34.5833,150.8552,58.37,56,0,1.99,clear sky
291,Kudus,ID,-6.8048,110.8405,83.98,77,0,5.64,clear sky
292,Myitkyina,MM,25.3833,97.4,77.65,90,24,0.43,few clouds
293,Natal,BR,-5.795,-35.2094,77.22,78,20,8.23,few clouds
294,Moron,AR,-34.6534,-58.6198,63.01,90,75,4.61,broken clouds
295,San Rafael,AR,-34.6177,-68.3301,55.4,58,48,8.34,scattered clouds
296,Grand-Lahou,CI,5.1367,-5.0242,78.84,88,100,7.76,overcast clouds
297,Esso,RU,55.9333,158.7,50.36,72,100,9.04,overcast clouds
298,Talnakh,RU,69.4865,88.3972,31.17,97,100,9.22,light snow
299,Bardstown,US,37.8092,-85.4669,79.74,72,1,0.0,clear sky
300,Campos,BR,-21.75,-41.3,68.56,94,0,2.73,clear sky
301,Sechura,PE,-5.5569,-80.8222,69.37,72,24,15.35,few clouds
302,Beyneu,KZ,45.3167,55.2,75.67,33,96,16.33,overcast clouds
303,Mecca,SA,21.4267,39.8261,81.14,75,0,3.85,clear sky
304,Carutapera,BR,-1.195,-46.02,77.09,88,5,7.07,clear sky
305,San Vicente,AR,-26.6167,-54.1333,67.06,68,0,5.03,clear sky
306,Huai Thalaeng,TH,14.997,102.6475,88.27,64,100,12.03,overcast clouds
307,Vila,PT,42.0304,-8.1588,49.75,80,2,5.01,clear sky
308,Nortelandia,BR,-14.4547,-56.8028,73.92,49,24,3.94,few clouds
309,Jequie,BR,-13.8575,-40.0836,69.21,98,83,3.71,broken clouds
310,Mehamn,NO,71.0357,27.8492,44.19,93,100,18.39,overcast clouds
311,Broken Hill,AU,-31.95,141.4333,53.31,66,0,5.75,clear sky
312,Vigrestad,NO,58.5667,5.7,55.96,83,100,6.04,overcast clouds
313,Manokwari,ID,-0.8667,134.0833,81.68,74,100,5.12,overcast clouds
314,Komsomolskiy,UZ,40.4272,71.7189,76.42,37,0,6.91,clear sky
315,Pingliang,CN,35.5392,106.6861,78.03,23,0,8.86,clear sky
316,Redlands,US,34.0556,-117.1825,97.56,36,0,1.01,clear sky
317,La Ronge,CA,55.1001,-105.2842,77.25,29,40,8.05,scattered clouds
318,Okulovka,RU,58.4008,33.2908,50.16,75,98,3.33,overcast clouds
319,Hirara,JP,24.8,125.2833,84.47,84,75,24.16,moderate rain
320,Chuy,UY,-33.6971,-53.4616,62.15,97,94,8.66,moderate rain
321,Oneonta,US,42.4529,-75.0638,67.28,83,0,1.92,clear sky
322,Matara,LK,5.9485,80.5353,78.12,89,100,10.74,light rain
323,Coquimbo,CL,-29.9533,-71.3436,56.93,94,90,2.1,overcast clouds
324,Shimoda,JP,34.6667,138.95,76.15,58,8,8.55,clear sky
325,Bandarbeyla,SO,9.4942,50.8122,79.0,78,93,19.48,overcast clouds
326,Nome,US,64.5011,-165.4064,36.16,69,75,9.22,broken clouds
327,Hofn,IS,64.2539,-15.2082,47.05,99,100,4.27,overcast clouds
328,Bereda,ES,43.2686,-7.5406,47.95,100,25,2.71,scattered clouds
329,Puerto Madryn,AR,-42.7692,-65.0385,49.89,52,0,12.97,clear sky
330,Bridgetown,BB,13.1,-59.6167,81.09,65,40,21.56,scattered clouds
331,Sangmelima,CM,2.9333,11.9833,67.48,99,100,2.04,light rain
332,Coihueco,CL,-36.6167,-71.8333,50.74,100,40,3.0,scattered clouds
333,Ziro,IN,27.6333,93.8333,59.83,94,68,0.89,broken clouds
334,Port Macquarie,AU,-31.4333,152.9167,62.89,60,16,12.66,few clouds
335,Ravar,IR,31.2656,56.8055,81.82,11,0,1.66,clear sky
336,Imeni Poliny Osipenko,RU,52.4201,136.4853,41.67,91,100,21.83,light rain
337,Novopokrovka,UA,49.8425,36.5477,55.78,85,100,7.11,overcast clouds
338,Nabire,ID,-3.3667,135.4833,83.46,70,100,3.58,overcast clouds
339,Sena Madureira,BR,-9.0656,-68.6569,73.04,74,39,0.18,scattered clouds
340,Yaan,NG,7.3833,8.5667,73.56,97,100,6.62,overcast clouds
341,Rundu,NA,-17.9333,19.7667,45.66,50,0,6.91,clear sky
342,Dzilam Gonzalez,MX,21.2833,-88.9333,83.86,60,96,6.33,overcast clouds
343,Labuan,MY,5.2767,115.2417,84.56,89,40,2.3,scattered clouds
344,Kalmunai,LK,7.4167,81.8167,78.31,85,100,4.07,overcast clouds
345,Jennings,US,38.7192,-90.2604,82.22,45,6,1.01,clear sky
346,Bialogard,PL,54.007,15.9875,59.76,90,67,6.02,broken clouds
347,Eureka,US,40.8021,-124.1637,64.2,74,12,3.0,few clouds
348,Port Shepstone,ZA,-30.7414,30.455,57.29,70,1,9.51,clear sky
349,Vao,NC,-22.6667,167.4833,72.81,76,100,9.33,overcast clouds
350,Urumqi,CN,43.801,87.6005,76.15,31,0,2.35,clear sky
351,Okhotsk,RU,59.3833,143.3,41.97,86,86,11.5,overcast clouds
352,Qasigiannguit,GL,68.8193,-51.1922,47.8,49,15,14.76,few clouds
353,Lakes Entrance,AU,-37.8811,147.981,53.19,47,99,5.41,overcast clouds
354,Coulommiers,FR,48.8145,3.085,60.46,90,100,5.99,overcast clouds
355,Boralday,KZ,43.3578,76.8594,66.06,59,75,5.23,broken clouds
356,Semporna,MY,4.4818,118.6112,84.4,67,40,5.97,scattered clouds
357,Manggar,ID,-2.8833,108.2667,84.87,70,4,10.54,clear sky
358,Romitan,UZ,39.9343,64.3814,76.95,33,0,4.23,clear sky
359,Petropavlovsk-Kamchatskiy,RU,53.0452,158.6483,59.59,39,100,5.39,overcast clouds
360,Ust-Uda,RU,54.1742,103.0304,68.74,65,99,7.38,overcast clouds
361,Narsaq,GL,60.9167,-46.05,38.64,82,100,3.42,overcast clouds
362,Kazanlak,BG,42.6167,25.4,54.52,93,59,2.75,broken clouds
363,Ipora,BR,-16.4419,-51.1178,68.11,42,94,3.85,overcast clouds
364,New Albany,US,38.2856,-85.8241,78.28,56,79,4.45,broken clouds
365,Hokitika,NZ,-42.7167,170.9667,57.02,74,100,13.82,moderate rain
366,Tselinnoye,RU,53.0833,85.6667,41.95,90,100,14.83,light rain
367,Bubaque,GW,11.2833,-15.8333,79.48,80,88,11.1,overcast clouds
368,Souillac,MU,-20.5167,57.5167,73.36,100,75,14.61,light rain
369,Krasnoselkup,RU,65.7,82.4667,42.98,57,74,12.3,broken clouds
370,Wilmington,US,34.2257,-77.9447,75.99,88,46,3.0,scattered clouds
371,Kiunga,PG,-6.1219,141.2906,73.47,99,100,1.68,light rain
372,Kaoma,ZM,-14.7833,24.8,48.43,74,3,5.86,clear sky
373,Hualmay,PE,-11.0964,-77.6139,64.29,85,10,9.55,clear sky
374,Pemangkat,ID,1.1667,108.9667,82.42,79,11,4.43,few clouds
375,Villazon,BO,-22.0866,-65.5942,50.74,15,89,3.8,overcast clouds
376,Ibanda,TZ,-2.7974,32.4746,66.0,62,100,3.69,overcast clouds
377,Vila Franca Do Campo,PT,37.7167,-25.4333,63.01,80,100,3.96,overcast clouds
378,San Miguel,SV,13.4833,-88.1833,80.02,84,82,3.49,broken clouds
379,Warrensburg,US,38.7628,-93.7361,80.69,57,1,5.75,clear sky
380,Partur,IN,19.6,76.2167,76.51,77,100,6.35,overcast clouds
381,Tazovskiy,RU,67.4667,78.7,38.82,70,91,10.29,overcast clouds
382,Geraldton,AU,-28.7667,114.6,52.21,82,0,6.91,clear sky
383,Sondrio,IT,46.169,9.8692,67.24,81,15,2.86,few clouds
384,Hamilton,US,39.1834,-84.5333,79.57,72,0,4.5,clear sky
385,Fairbanks,US,64.8378,-147.7164,70.61,43,75,13.8,broken clouds
386,Wattegama,LK,6.7989,81.4808,76.12,88,100,3.51,overcast clouds
387,Bulnes,CL,-36.7423,-72.2985,52.56,87,100,5.3,overcast clouds
388,Brae,GB,60.3964,-1.353,46.31,83,60,3.51,broken clouds
389,San Alberto,CO,7.7611,-73.3922,77.65,90,100,5.14,overcast clouds
390,River Falls,US,44.8614,-92.6238,93.29,79,0,9.31,clear sky
391,Faya,SA,18.3851,42.4509,66.31,22,0,3.78,clear sky
392,Castro,BR,-24.7911,-50.0119,57.07,89,0,3.83,clear sky
393,Shipitsyno,RU,61.2806,46.5208,56.5,73,25,1.63,scattered clouds
394,Cusuna,HN,15.85,-85.2333,80.35,77,0,10.36,clear sky
395,Dakoro,NE,14.5106,6.765,87.49,16,5,8.01,clear sky
396,Oranjemund,NA,-28.55,16.4333,63.28,23,0,13.22,clear sky
397,Kahului,US,20.8947,-156.47,80.83,74,100,7.0,overcast clouds
398,Vallenar,CL,-28.5708,-70.7581,58.46,77,100,2.08,overcast clouds
399,Puerto Triunfo,CO,5.8726,-74.6403,75.99,85,100,1.16,moderate rain
400,Farmington,US,36.7281,-108.2187,88.48,14,1,8.05,clear sky
401,Odweyne,SO,9.4092,45.064,74.88,54,78,14.07,broken clouds
402,Rafaela,AR,-31.2503,-61.4867,75.0,67,100,5.61,overcast clouds
403,Constitucion,CL,-35.3333,-72.4167,54.28,87,100,10.2,overcast clouds
404,Hong Gai,VN,20.956,107.0946,80.51,63,24,1.81,few clouds
405,Nadym,RU,65.5333,72.5167,52.56,57,91,19.75,overcast clouds
406,Sambava,MG,-14.2667,50.1667,71.6,90,10,6.46,clear sky
407,Yerbogachen,RU,61.2767,108.0108,50.27,69,100,6.29,overcast clouds
408,Kattivakkam,IN,13.2167,80.3167,84.07,86,20,7.49,few clouds
409,Lasa,IT,46.6166,10.7002,56.62,96,44,1.86,scattered clouds
410,Awjilah,LY,29.1081,21.2869,76.37,28,0,8.97,clear sky
411,Crestview,US,30.7621,-86.5705,77.31,70,83,4.05,broken clouds
412,Orthez,FR,43.4884,-0.7724,55.33,96,100,2.89,overcast clouds
413,Pangnirtung,CA,66.1451,-65.7125,30.7,82,91,7.45,overcast clouds
414,Virginia Beach,US,36.8529,-75.978,72.1,89,75,10.36,broken clouds
415,Betsiamites,CA,48.9413,-68.646,70.2,75,100,4.65,overcast clouds
416,Chicama,PE,-7.8447,-79.1469,64.94,76,100,6.29,overcast clouds
417,Muros,ES,42.7762,-9.0603,59.23,71,8,8.68,clear sky
418,Sandakan,MY,5.8402,118.1179,83.88,84,40,4.61,scattered clouds
419,Hami,CN,42.8,93.45,84.07,20,100,15.19,overcast clouds
420,Santa Isabel Do Rio Negro,BR,-0.4139,-65.0192,74.1,96,13,2.17,few clouds
421,Trinidad,BO,-14.8333,-64.9,74.89,74,100,2.01,overcast clouds
422,Kaitong,CN,44.8135,123.15,62.53,56,40,15.43,scattered clouds
423,San Jose,US,37.3394,-121.895,84.7,48,20,1.99,few clouds
424,Balkanabat,TM,39.5108,54.3671,74.89,57,0,8.14,clear sky
425,Nioro,GM,13.35,-15.75,81.21,58,12,10.92,few clouds
426,Douentza,ML,14.9951,-2.9517,95.16,15,0,1.16,clear sky
427,Illapel,CL,-31.6308,-71.1653,59.18,86,100,2.26,overcast clouds
428,Monte Alegre,BR,-2.0078,-54.0692,75.29,91,72,3.78,broken clouds
429,Yeniseysk,RU,58.4497,92.1703,50.88,51,100,7.0,overcast clouds
430,Verkhnyaya Inta,RU,65.9811,60.3094,54.48,62,93,11.97,overcast clouds
431,Jumla,NP,29.2747,82.1838,59.74,78,5,0.94,clear sky
432,Ahipara,NZ,-35.1667,173.1667,62.91,69,100,14.32,light rain
433,Touros,BR,-5.1989,-35.4608,76.1,83,0,10.8,clear sky
434,Shenandoah,US,30.4013,-91.0009,74.95,94,97,4.9,overcast clouds
435,Jurado,CO,7.1053,-77.7641,79.38,87,100,0.51,overcast clouds
436,Natitingou,BJ,10.3042,1.3796,77.05,89,85,5.53,overcast clouds
437,Antofagasta,CL,-23.65,-70.4,61.88,85,3,3.36,clear sky
438,Baft,IR,29.234,56.6057,71.6,18,0,3.67,clear sky
439,Guarapari,BR,-20.6667,-40.4975,73.89,87,2,1.19,clear sky
440,Conceicao Do Araguaia,BR,-8.2578,-49.2647,80.73,69,0,1.45,clear sky
441,Havre-Saint-Pierre,CA,50.2334,-63.5986,52.16,87,1,4.61,clear sky
442,Jilib,SO,0.4883,42.7854,73.53,86,12,6.29,few clouds
443,Usuki,JP,33.1081,131.7878,67.57,60,100,1.9,overcast clouds
444,Roma,US,43.2128,-75.4557,71.4,87,12,2.26,few clouds
445,Yeppoon,AU,-23.1333,150.7333,65.98,46,0,9.64,clear sky
446,Axim,GH,4.8699,-2.2405,78.82,87,100,5.3,light rain
447,Sidney,AU,-33.8679,151.2073,60.31,58,20,8.99,few clouds
448,Teloloapan,MX,18.35,-99.85,66.65,62,77,3.71,broken clouds
449,Guaratuba,BR,-25.8828,-48.5747,72.81,94,5,4.7,clear sky
450,Ilhabela,BR,-23.7781,-45.3581,71.62,91,32,7.31,scattered clouds
451,Airai,TL,-8.9266,125.4092,68.95,57,58,3.96,broken clouds
452,Paita,PE,-5.0892,-81.1144,67.89,82,58,13.91,broken clouds
453,Umm Lajj,SA,25.0213,37.2685,80.31,70,0,12.68,clear sky
454,Naze,JP,28.3667,129.4833,70.72,92,100,17.65,overcast clouds
455,Port Hardy,CA,50.6996,-127.4199,57.38,82,75,10.36,light rain
456,Camp Verde,US,34.5636,-111.8543,97.95,15,63,11.01,broken clouds
457,Bogo,PH,11.0517,124.0055,79.61,83,100,4.18,overcast clouds
458,Guanica,PR,17.9716,-66.908,80.98,82,100,3.0,overcast clouds
459,Muleba,TZ,-1.8397,31.6544,70.14,66,100,5.57,overcast clouds
460,Alice Springs,AU,-23.7,133.8833,56.75,58,0,14.09,clear sky
461,Tiverton,GB,50.9,-3.4833,52.66,91,0,3.67,clear sky
462,Wanning,CN,18.8003,110.3967,82.35,81,74,2.35,broken clouds
463,Turukhansk,RU,65.8167,87.9833,36.45,80,96,10.76,overcast clouds
464,Katsuura,JP,35.1333,140.3,71.71,82,73,14.09,broken clouds
465,Hilton Head Island,US,32.2163,-80.7526,79.99,83,90,0.0,light intensity drizzle
466,Dusti,TJ,37.3481,68.664,74.12,25,0,5.88,clear sky
467,Cordoba,AR,-31.4135,-64.1811,68.85,54,75,4.0,broken clouds
468,Biatorbagy,HU,47.4706,18.8189,60.19,68,9,1.48,clear sky
469,Fare,PF,-16.7,-151.0167,81.3,71,81,10.96,broken clouds
470,Vasilyevskiy Mokh,RU,57.0132,35.919,51.51,84,100,4.76,overcast clouds
471,Korla,CN,41.7597,86.1469,79.68,23,98,10.25,overcast clouds
472,Abu Zabad,SD,12.35,29.25,80.94,55,12,6.69,few clouds
473,Gamba,GA,-2.65,10.0,75.22,94,34,4.05,scattered clouds
474,Pimentel,PE,-6.8367,-79.9342,68.29,84,0,4.0,clear sky
475,Manicore,BR,-5.8092,-61.3003,80.28,70,100,2.28,overcast clouds
476,Kavaratti,IN,10.5669,72.642,82.51,80,100,16.96,light rain
477,Bireun,ID,5.203,96.7009,78.12,80,100,3.6,overcast clouds
478,Ostrovnoy,RU,68.0531,39.5131,45.93,70,38,3.22,scattered clouds
479,Camacha,PT,33.0833,-16.3333,62.53,68,75,16.11,broken clouds
480,Praia,CV,14.9215,-23.5087,75.74,64,20,23.02,few clouds
481,Muli,MV,2.9167,73.5667,83.34,76,100,18.01,overcast clouds
482,Kedougou,SN,12.5579,-12.1743,95.58,41,0,4.61,clear sky
483,Vila Velha,BR,-20.3297,-40.2925,73.94,89,40,1.99,scattered clouds
484,Warrnambool,AU,-38.3833,142.4833,51.82,70,100,22.88,overcast clouds
485,Ilula,TZ,-7.6766,36.0366,57.9,93,8,6.17,clear sky
486,Pijao,CO,4.3342,-75.7035,66.79,94,100,4.54,overcast clouds
487,Whitianga,NZ,-36.8333,175.7,63.01,65,61,7.9,broken clouds
488,Belaya Gora,RU,68.5333,146.4167,81.14,26,43,16.55,scattered clouds
489,Makubetsu,JP,45.3714,141.8211,62.31,72,20,26.46,few clouds
490,Ziway,ET,7.9333,38.7167,64.18,79,4,9.73,clear sky
491,Panaba,MX,21.2833,-88.2667,84.15,58,31,14.43,scattered clouds
492,Dalvik,IS,65.9702,-18.5286,49.93,97,100,5.61,overcast clouds
493,Lewiston,US,44.1003,-70.2148,70.72,84,100,3.24,overcast clouds
494,San Juan,AR,-31.5375,-68.5364,71.73,55,96,10.49,overcast clouds
495,Tura,IN,25.5198,90.2201,77.5,91,16,5.68,few clouds
496,Burgeo,CA,47.6167,-57.6152,49.1,99,100,4.54,overcast clouds
497,Verbilki,RU,56.5333,37.6,57.87,83,60,5.55,broken clouds
498,Novo Oriente,BR,-5.5344,-40.7742,72.55,61,3,2.77,clear sky
499,Zharkent,KZ,44.1628,80.0,71.01,49,4,6.91,clear sky
500,Tweed,CA,44.4751,-77.3162,68.99,90,6,5.66,clear sky
501,Agadez,NE,19.75,10.25,87.3,14,0,2.26,clear sky
502,Douglas,US,41.3,-96.167,91.33,27,1,9.19,clear sky
503,Cardston,CA,49.2,-113.3019,81.7,19,26,12.66,scattered clouds
504,Payakumbuh,ID,-0.2202,100.6308,72.95,92,100,3.15,overcast clouds
505,Kirovskaya,RU,46.9748,40.0402,57.56,98,100,3.04,overcast clouds
506,Beaufort,MY,5.3473,115.7455,84.36,70,32,1.74,scattered clouds
507,Acari,PE,-15.4311,-74.6158,66.6,74,6,2.42,clear sky
508,Huaiyin,CN,33.5886,119.0192,80.58,43,0,15.84,clear sky
509,Salina,US,38.8403,-97.6114,77.63,64,0,10.85,clear sky
510,Sakakah,SA,29.9697,40.2064,81.97,19,1,7.85,clear sky
511,Rodez,FR,44.5,2.5833,55.71,100,90,2.06,overcast clouds
512,Tautira,PF,-17.7333,-149.15,84.22,74,24,11.97,few clouds
513,Altagracia De Orituco,VE,9.8601,-66.3814,72.99,94,100,3.44,overcast clouds
514,Seoul,KR,37.5683,126.9778,70.21,77,75,9.08,mist
515,Tomatlan,MX,19.9333,-105.25,86.9,55,92,7.14,overcast clouds
516,Geoagiu,RO,45.9167,23.2,56.12,80,80,0.78,broken clouds
517,Velingara,SN,13.15,-14.1167,83.84,52,84,11.99,broken clouds
518,Foumban,CM,5.7291,10.9001,63.97,98,100,1.52,light rain
519,Sand,DE,50.0,10.6,64.22,94,100,2.46,overcast clouds
520,Lata,PT,40.1629,-8.3327,57.72,87,17,2.33,few clouds
521,Marzuq,YE,14.4,46.4667,75.76,33,7,6.06,clear sky
522,Ossora,RU,59.2353,163.0719,48.87,73,100,5.06,overcast clouds
523,Choa Saidan Shah,PK,32.7201,72.9849,81.16,46,43,4.03,scattered clouds
524,Ixtapa,MX,20.7,-105.2,82.22,81,27,5.99,scattered clouds
525,Green Valley,US,31.8543,-110.9937,100.94,11,7,1.01,clear sky
526,Del Rio,US,29.3627,-100.8968,81.43,57,1,5.01,clear sky
527,Yekaterinovka,RU,52.0508,44.3451,51.51,95,100,15.21,overcast clouds
528,Nhulunbuy,AU,-12.2333,136.7667,81.21,54,75,18.41,broken clouds
529,Inirida,CO,3.8653,-67.9239,74.46,97,99,1.01,moderate rain
530,Santa Rosa,PH,14.3122,121.1114,90.09,78,54,6.91,broken clouds
531,Aketi,CD,2.7388,23.7833,70.65,95,100,1.16,overcast clouds
532,Buraydah,SA,26.326,43.975,91.85,12,69,2.84,broken clouds
533,Alofi,NU,-19.0595,-169.9187,78.69,78,99,12.66,light rain
534,Spring Hill,US,28.4769,-82.5255,79.83,93,100,2.77,overcast clouds
535,Kavieng,PG,-2.5744,150.7967,84.61,71,91,11.16,overcast clouds
536,Jamshedpur,IN,22.8,86.1833,80.42,78,10,0.0,haze
537,Hambantota,LK,6.1241,81.1185,77.34,100,40,13.0,light rain
538,Kamaishi,JP,39.2667,141.8833,65.35,53,100,4.36,overcast clouds
539,Yenagoa,NG,4.9247,6.2642,74.52,96,91,2.33,light rain
540,Muzhi,RU,65.3667,64.6667,55.87,51,100,18.34,overcast clouds
541,Anapskaya,RU,44.89,37.38,61.03,88,40,6.6,scattered clouds
542,Tandil,AR,-37.3217,-59.1332,56.3,81,100,1.99,overcast clouds
543,Milkovo,RU,54.7167,158.6167,55.67,54,100,4.14,overcast clouds
544,Korfovskiy,RU,48.2183,135.0564,60.26,71,76,5.84,broken clouds
545,Raudeberg,NO,61.9875,5.1352,57.2,92,61,6.87,broken clouds
546,Khani,GE,41.9563,42.9566,49.57,84,7,4.59,clear sky
547,Rio Cuarto,AR,-33.1307,-64.3499,50.83,89,100,9.44,overcast clouds
548,Colac,AU,-38.3333,143.5833,51.15,65,100,13.4,overcast clouds
549,Konokovo,RU,44.8616,41.3266,57.79,89,70,3.42,broken clouds
550,Eirunepe,BR,-6.6603,-69.8736,74.55,77,29,1.36,scattered clouds
551,Katima Mulilo,NA,-17.5,24.2667,46.08,56,0,5.39,clear sky
552,Tenenkou,ML,14.4572,-4.9169,95.52,17,4,5.99,clear sky
553,Badarwas,IN,24.9667,77.5667,85.48,46,100,7.31,overcast clouds
554,Shache,CN,38.4167,77.2406,76.98,21,0,11.81,clear sky
555,Namibe,AO,-15.1961,12.1522,70.56,60,0,2.48,clear sky
556,Xuanhua,CN,40.6103,115.0447,71.31,26,0,9.15,clear sky
557,Danielskuil,ZA,-28.1887,23.5395,37.99,53,0,7.0,clear sky
558,Emilio Carranza,MX,19.9711,-96.6114,77.63,90,100,6.87,overcast clouds
559,Ust-Tsilma,RU,65.441,52.1498,59.36,64,2,3.6,clear sky
560,Cuamba,MZ,-14.8031,36.5372,61.84,82,100,8.46,overcast clouds
561,Pacasmayo,PE,-7.4006,-79.5714,66.15,81,100,8.86,overcast clouds
562,Big Spring,US,32.2504,-101.4787,79.29,55,40,5.01,scattered clouds
563,Merida,MX,20.9667,-89.6167,85.01,73,100,6.6,overcast clouds
564,Male,MV,4.1748,73.5089,84.15,79,75,18.41,broken clouds
565,Zhaotong,CN,27.3167,103.7167,61.5,49,92,2.91,overcast clouds
566,Ca Mau,VN,9.1769,105.15,87.3,66,61,7.52,broken clouds
567,Grand Gaube,MU,-20.0064,57.6608,73.38,89,10,4.0,light rain
568,Lumphat,KH,13.4878,106.9816,81.63,82,100,3.71,very heavy rain
569,Kjopsvik,NO,68.097,16.3742,55.17,72,100,2.73,overcast clouds
570,Thun,CH,46.7512,7.6217,61.41,93,99,3.0,overcast clouds
571,Saumur,FR,47.3333,-0.25,53.71,78,40,6.58,scattered clouds
572,Maragogi,BR,-9.0122,-35.2225,75.63,81,0,9.01,clear sky
573,Kathu,TH,7.9178,98.3332,85.62,69,100,12.19,moderate rain
574,Beloha,MG,-25.1667,45.05,62.96,87,10,8.1,clear sky
575,Predivinsk,RU,57.0669,93.4378,48.67,75,100,6.4,light rain
576,Guerrero Negro,MX,27.9769,-114.0611,69.53,60,10,16.6,clear sky
577,Saryg-Sep,RU,51.5,95.6,65.41,73,76,1.32,broken clouds
578,Nyimba,ZM,-14.5566,30.8149,59.07,66,3,7.74,clear sky
579,Mamakan,RU,57.8161,114.0028,76.26,40,100,3.69,overcast clouds
580,Bima,ID,-8.4667,118.7167,84.63,66,14,3.06,few clouds
581,Kunming,CN,25.0389,102.7183,60.73,77,0,8.95,clear sky
582,Hanmer Springs,NZ,-42.5167,172.8167,52.97,69,100,6.58,light rain
583,Port-Gentil,GA,-0.7193,8.7815,79.05,84,89,11.56,overcast clouds
584,San Quintin,MX,30.4833,-115.95,65.75,71,1,7.74,clear sky
585,Pocatello,US,42.8713,-112.4455,86.47,20,96,8.99,overcast clouds
586,Bone,DE,51.9669,12.1396,65.37,83,98,5.66,overcast clouds
587,Nazas,MX,25.2333,-104.1333,86.4,17,48,11.68,scattered clouds
588,Rio Verde De Mato Grosso,BR,-18.9181,-54.8442,74.91,35,24,4.9,few clouds
589,Puerto Del Rosario,ES,28.5004,-13.8627,65.95,63,70,18.41,broken clouds
590,Bom Jesus,BR,-9.0744,-44.3586,75.63,56,7,6.08,clear sky
591,Labuhan,ID,-6.8844,112.2051,81.97,79,3,7.07,clear sky
592,Cimarron Hills,US,38.8586,-104.6989,80.98,37,1,5.01,clear sky
593,Victoria Point,AU,-27.5833,153.3,70.09,58,0,1.01,clear sky
594,Lensk,RU,60.7253,114.9278,68.32,51,94,10.25,overcast clouds
595,Kamwenge,UG,0.1866,30.4539,61.21,91,33,0.65,scattered clouds
596,Zhangye,CN,38.9342,100.4517,79.36,10,41,1.61,scattered clouds
597,Linxia,CN,35.6003,103.2064,67.55,32,5,2.17,clear sky
598,Champerico,GT,14.3,-91.9167,85.77,74,96,8.88,overcast clouds
599,Winslow,US,35.0242,-110.6974,84.96,21,91,4.0,overcast clouds
600,Huancavelica,PE,-12.7667,-74.9833,36.72,96,98,1.61,overcast clouds
601,Chimbote,PE,-9.0853,-78.5783,64.13,89,29,8.77,scattered clouds
602,Lenger,KZ,42.183,69.8839,65.64,30,85,7.31,overcast clouds
603,Kabansk,RU,52.0486,106.6528,63.09,35,13,3.6,few clouds
604,Olafsvik,IS,64.8945,-23.7142,47.64,96,100,6.6,overcast clouds
605,Caravelas,BR,-17.7125,-39.2481,72.72,89,55,6.29,broken clouds
606,Havoysund,NO,70.9963,24.6622,45.48,96,100,14.38,overcast clouds
607,Kaeo,NZ,-35.1,173.7833,66.33,74,100,12.53,light rain
608,Vagur,FO,61.4732,-6.8119,48.38,95,72,15.41,broken clouds
609,Phan Thiet,VN,10.9333,108.1,86.31,67,57,10.78,broken clouds
610,Shubarshi,KZ,48.5872,57.1869,61.32,67,94,15.84,overcast clouds
611,Goulburn,AU,-34.75,149.7167,45.64,66,23,9.4,few clouds
612,Kachug,RU,53.9606,105.8817,72.97,31,82,4.12,broken clouds
613,Mayo,US,38.8876,-76.5119,76.39,84,0,6.89,clear sky
614,Moose Factory,CA,51.2585,-80.6094,46.4,93,90,14.97,heavy intensity rain
615,El Alto,PE,-4.2714,-81.2147,66.07,83,27,12.06,scattered clouds
616,Preobrazheniye,RU,42.9019,133.9064,60.19,71,64,12.26,broken clouds
617,Smithers,CA,54.7804,-127.1743,57.52,62,90,5.75,light rain
618,Byron Bay,AU,-28.65,153.6167,66.15,62,26,14.72,scattered clouds
619,Rankovce,MK,42.1696,22.1162,51.67,79,3,4.43,clear sky
620,Brownwood,US,31.7093,-98.9912,73.4,83,100,7.61,overcast clouds
621,Lusambo,CD,-4.9667,23.45,73.54,68,64,1.07,broken clouds
622,Itarema,BR,-2.9248,-39.9167,78.35,79,1,12.28,clear sky
623,Akdepe,TM,42.0551,59.3788,80.69,32,97,10.36,overcast clouds
624,Aleksandrov Gay,RU,50.147,48.5704,56.23,82,100,6.46,overcast clouds
625,Calkini,MX,20.3667,-90.05,86.09,54,100,0.78,overcast clouds
626,Qaqortoq,GL,60.7167,-46.0333,38.88,82,100,5.14,overcast clouds
627,Haines Junction,CA,60.7522,-137.5108,60.75,21,99,5.75,overcast clouds
628,Portland,US,45.5234,-122.6762,79.61,39,11,1.01,few clouds
629,Dolores,AR,-36.3132,-57.6792,56.52,86,100,9.6,light rain
630,Prince Rupert,CA,54.3161,-130.3201,50.09,90,90,12.66,moderate rain
631,Freeport,US,40.6576,-73.5832,69.31,93,76,1.01,broken clouds
632,Bukan,IR,36.521,46.2089,61.54,29,0,5.44,clear sky
633,Clarin,PH,8.2023,123.8582,82.47,72,100,2.59,overcast clouds
634,Russell,US,32.3502,-85.1999,76.71,90,20,3.89,few clouds
635,Ndele,CF,8.4109,20.6473,70.29,92,100,4.52,light rain
636,Tubmanburg,LR,6.8708,-10.8172,75.29,97,100,1.79,overcast clouds
637,Novocheremshansk,RU,54.3571,50.1666,53.56,83,95,9.69,overcast clouds
638,Bosaso,SO,11.2842,49.1816,87.93,57,0,4.65,clear sky
639,Ust-Nera,RU,64.5667,143.2,69.94,32,29,1.68,scattered clouds
640,Edmond,US,35.6528,-97.4781,82.6,75,99,11.48,overcast clouds
641,Homer,US,59.6425,-151.5483,64.08,69,13,8.99,few clouds
642,Tipitapa,NI,12.1973,-86.0971,86.02,62,20,6.91,few clouds
643,Paramonga,PE,-10.6667,-77.8333,64.47,87,30,8.05,scattered clouds
644,Pokhara,NP,28.2333,83.9833,76.37,62,84,2.64,broken clouds
645,Carballo,ES,43.213,-8.691,54.82,92,7,2.06,clear sky
646,Ouahigouya,BF,13.5828,-2.4216,95.38,26,42,16.51,scattered clouds
647,Stokmarknes,NO,68.5646,14.9108,55.49,92,96,3.65,overcast clouds
648,Dubbo,AU,-32.25,148.6167,50.13,81,0,2.3,clear sky
649,Esterhazy,CA,50.65,-102.0843,83.25,57,8,8.41,clear sky
650,Kasongo-Lunda,CD,-6.4667,16.8167,67.6,60,6,1.52,clear sky
651,Ayia Galini,GR,35.1,24.6833,68.85,52,0,9.82,clear sky
652,Roquetas De Mar,ES,36.7642,-2.6148,73.4,73,100,8.63,light rain
653,Logumkloster,DK,55.0594,8.9551,58.93,83,100,9.93,overcast clouds
654,Derzhavinsk,KZ,51.1,66.3167,46.63,49,0,13.89,clear sky
655,Kankan,GN,10.3854,-9.3057,76.42,78,5,5.08,clear sky
656,Pochutla,MX,15.7432,-96.4661,79.09,80,47,3.69,scattered clouds
657,Koster,ZA,-25.863,26.8976,38.3,41,0,6.4,clear sky
658,Batemans Bay,AU,-35.7167,150.1833,59.92,44,0,4.72,clear sky
659,Ojinaga,MX,29.5667,-104.4167,88.75,27,40,16.11,scattered clouds
660,Tortoli,IT,39.9256,9.6572,70.99,61,100,4.85,moderate rain
661,Asfi,MA,32.2994,-9.2372,63.07,79,33,11.14,scattered clouds
662,Port Augusta,AU,-32.5,137.7667,57.7,61,100,4.14,overcast clouds
663,Ngorongoro,TZ,-3.2397,35.4875,48.76,95,93,5.93,overcast clouds
664,Babanka,UA,48.7097,30.4483,54.73,78,51,5.3,broken clouds
665,Quesnel,CA,52.9999,-122.5029,66.7,45,75,0.0,broken clouds
666,Alpena,US,45.0617,-83.4327,78.94,61,7,1.99,clear sky
667,Rocha,UY,-34.4833,-54.3333,63.99,99,100,3.22,heavy intensity rain
668,Hay River,CA,60.8156,-115.7999,62.58,55,75,5.75,broken clouds
669,Jacareacanga,BR,-6.2222,-57.7528,77.59,73,38,1.68,scattered clouds
670,Markova,UA,48.6758,24.4138,50.83,85,83,4.94,broken clouds
671,Cooma,AU,-36.2333,149.1333,37.17,87,0,4.21,clear sky
672,Bossier City,US,32.516,-93.7321,75.15,87,1,3.44,clear sky
673,Xinyu,CN,27.8043,114.9334,74.48,70,1,3.27,clear sky
674,Jiexiu,CN,37.0244,111.9125,78.8,18,0,5.5,clear sky
675,Marga,RO,45.5,22.5167,51.53,77,6,4.21,clear sky
676,Andenes,NO,69.3143,16.1194,50.47,87,90,6.91,overcast clouds
677,Batagay,RU,67.6333,134.6333,81.32,28,100,21.99,overcast clouds
678,Ambon,ID,-3.6954,128.1814,78.94,94,75,12.39,broken clouds
679,Fiumicino,IT,41.7675,12.2291,72.01,67,0,2.3,clear sky
680,Bloemhof,ZA,-27.6469,25.607,39.76,65,0,3.56,clear sky
681,Noyabrsk,RU,63.1994,75.4507,47.97,65,99,11.97,overcast clouds
682,Pinar Del Rio,CU,22.4175,-83.6981,78.03,80,69,1.43,broken clouds
683,Aykhal,RU,66.0,111.5,48.13,38,100,11.68,overcast clouds
684,Sola,VU,-13.8833,167.55,83.07,79,75,0.0,broken clouds
685,Chimore,BO,-16.9833,-65.1333,69.67,94,100,2.95,overcast clouds
686,Frolishchi,RU,56.4211,42.6533,47.95,89,0,6.6,clear sky
687,Kot Samaba,PK,28.5522,70.4684,92.12,39,0,10.2,clear sky
